taxa,RPK,length,read_count
g__Parabacteroides.s__Parabacteroides_goldsteinii,12099.0,584064,8248.052999999998
unclassified,70084.99999999968,223509,63881.77969742782
