taxa,RPK,length,read_count
g__Parabacteroides.s__Parabacteroides_goldsteinii,13618.0,1450783,16506.227000000024
unclassified,268457.00000001263,532654,227332.8294156652
